id,dialectica_id,title,firstname,lastname,email,country,other_authors,comment,appearance_date,created_at
649,,Quibusdam ipsum accusamus ea maxime corrupti.,Velvet,Sanford,oswaldo@denesik-kub.io,CH,Tim Frami,Consectetur mollitia sunt nostrum excepturi id.,2022-08-26,2022-08-26 20:24:55 UTC
630,,At ut eum sit incidunt vel.,Jann,Fahey,miles.schneider@hackett.org,CH,Patricia Boehm,Nulla quisquam rerum repudiandae minus.,2022-08-26,2022-08-26 20:24:55 UTC
631,,Repellat enim repudiandae consequatur sit ut.,Gaston,MacGyver,pete_becker@windler.name,CH,Mila Hauck,Est odio velit.,2022-08-26,2022-08-26 20:24:55 UTC
637,,Et unde error quia cupiditate.,Eleonor,King,walker.jacobson@roberts.net,CH,Marshall Walker Jr.,Molestias est quis aut quas sed.,2022-08-26,2022-08-26 20:24:55 UTC
632,,Assumenda veritatis optio.,Cheryll,Fahey,jolynn@pagac-oconnell.name,CH,Rep. Sergio Casper,Est enim quod molestias molestiae.,2022-08-26,2022-08-26 20:24:55 UTC
633,,Tempora est asperiores.,Ela,Jacobs,brynn.swift@barrows.co,CH,Kesha Kris,Et quis atque dolore aut voluptatem.,2022-08-26,2022-08-26 20:24:55 UTC
641,,Laudantium deserunt earum praesentium.,Annalee,Cummings,yolanda_kessler@mclaughlin.org,CH,Ms. Willard Emard,Temporibus dolore porro quam veritatis quo.,2022-08-26,2022-08-26 20:24:55 UTC
634,,Velit voluptas et quia dolores sapiente.,Sixta,Dicki,ned@schoen-hirthe.org,CH,Lurlene Mertz,Sint earum error rerum provident.,2022-08-26,2022-08-26 20:24:55 UTC
638,,Aliquam voluptatem veritatis.,Efren,Abernathy,joelle.wisozk@abbott.name,CH,Valarie Hane,Labore asperiores tenetur inventore ipsam.,2022-08-26,2022-08-26 20:24:55 UTC
635,,Minima ab expedita qui nisi autem.,Corine,Lindgren,gerald_hansen@walker.info,CH,Marc Bechtelar,Qui est neque.,2022-08-26,2022-08-26 20:24:55 UTC
636,,Quod quaerat accusantium laudantium.,Cassandra,Morissette,misti_ortiz@kassulke.name,CH,Sydney Schiller,Consectetur autem fugit reprehenderit eum alias.,2022-08-26,2022-08-26 20:24:55 UTC
639,,Est consequatur ut quasi.,Nikole,Homenick,kasi_bogan@smith-jast.name,CH,Dr. Korey Abshire,Et optio rerum similique.,2022-08-26,2022-08-26 20:24:55 UTC
640,,Consequuntur molestias aspernatur eos est quasi.,Ray,Batz,lucia_konopelski@lindgren.io,CH,Kandy Wehner,Culpa placeat exercitationem sequi blanditiis.,2022-08-26,2022-08-26 20:24:55 UTC
642,,Illum harum ipsam et.,Alonso,Ritchie,cathi@connelly.name,CH,Cristopher Jakubowski,Quia sed natus aliquam mollitia.,2022-08-26,2022-08-26 20:24:55 UTC
644,,Quis omnis exercitationem dicta id.,Chet,Emard,sarai.gerhold@macgyver.io,CH,Major Turner,Alias aut et incidunt ut.,2022-08-26,2022-08-26 20:24:55 UTC
643,,Et rerum non vitae.,Cortez,Denesik,ming_roberts@lehner-pfannerstill.name,CH,Yvone Wolf,Ratione vero cumque.,2022-08-26,2022-08-26 20:24:55 UTC
645,,Sit reiciendis quia.,Cristobal,Considine,sara.leannon@schowalter-cummerata.org,CH,Autumn Collins Sr.,Eveniet esse ducimus sed qui.,2022-08-26,2022-08-26 20:24:55 UTC
646,,Nisi eum dolorum maiores qui nostrum.,Refugio,Prosacco,rory@boyle.info,CH,Daysi Buckridge,Qui ea sit facilis harum vel.,2022-08-26,2022-08-26 20:24:55 UTC
647,,Sit libero voluptate.,Mose,Blick,aleta.abernathy@weber.com,CH,Gov. Abram Pfannerstill,Quas quis recusandae.,2022-08-26,2022-08-26 20:24:55 UTC
648,,Quis perspiciatis itaque nisi sapiente repellendus.,Devin,Raynor,stewart.torp@stracke-mcglynn.org,CH,Levi Predovic,Sint laborum mollitia.,2022-08-26,2022-08-26 20:24:55 UTC
