id,title,firstname,lastname,email,country,other_authors,comment,appearance_date,created_at
1152,Velit eos nemo et.,Jon,Wiza,penelope@wisozk.com,CH,Mr. Desire Rodriguez,Quae eligendi id.,2021-10-04,2021-10-04 12:55:51 UTC
1145,Qui pariatur enim autem dignissimos.,Mariam,Davis,lannie_bartoletti@rath.info,CH,Sandy Bailey,Eveniet doloribus consequatur et sed et.,2021-10-04,2021-10-04 12:55:50 UTC
1153,Hic ut culpa cumque sit nihil.,Willie,Schamberger,booker@mueller.com,CH,Benita Sporer,Officiis ratione consectetur natus.,2021-10-04,2021-10-04 12:55:51 UTC
1146,Sit consequatur placeat.,Toby,Parisian,teodora.von@jacobson-schmeler.info,CH,Fr. Roland Baumbach,Aspernatur maxime explicabo.,2021-10-04,2021-10-04 12:55:50 UTC
1154,Voluptas molestias eos ut.,Mandi,Grady,carter_franecki@mcglynn-reinger.co,CH,Antione Cole V,Perferendis officia nam.,2021-10-04,2021-10-04 12:55:51 UTC
1147,Nihil ipsam perferendis.,Eda,Bednar,arden@johns.co,CH,Msgr. Ernest O'Conner,Deleniti eum rerum placeat modi et.,2021-10-04,2021-10-04 12:55:50 UTC
1161,Consequatur et ea.,Jeanne,Schinner,holley.monahan@kessler-russel.com,CH,Debi McCullough,Facilis ipsam et.,2021-10-04,2021-10-04 12:55:51 UTC
1155,At quae beatae autem occaecati repellat.,Armanda,Weimann,fernando@skiles.net,CH,Lajuana Hills,Voluptas dolor deleniti quasi.,2021-10-04,2021-10-04 12:55:51 UTC
1148,Commodi velit nesciunt.,Solomon,Hintz,ghislaine@ritchie.net,CH,Amb. Leora Block,Quo expedita inventore.,2021-10-04,2021-10-04 12:55:51 UTC
1149,Numquam voluptatem quia ex distinctio tenetur.,Jaime,Labadie,marcelo@schmeler.info,CH,Antione Little,Commodi inventore qui.,2021-10-04,2021-10-04 12:55:51 UTC
1150,Accusamus quas corporis quis optio dolore.,Werner,Gorczany,amal@cassin.net,CH,Herschel Considine,Quos sapiente temporibus.,2021-10-04,2021-10-04 12:55:51 UTC
1156,Et neque inventore at esse.,Jay,Heaney,emiko@purdy.com,CH,Kareen Kunze,Vel molestiae nemo fugit.,2021-10-04,2021-10-04 12:55:51 UTC
1151,Et magni voluptates et.,Laurence,Gulgowski,walter@grant.com,CH,Jacques Bayer,Eum quaerat molestiae quia quos eos.,2021-10-04,2021-10-04 12:55:51 UTC
1162,Voluptatem qui et suscipit.,Reyes,Stanton,ricardo_mckenzie@gleichner.name,CH,Judson Orn Esq.,Delectus modi sed.,2021-10-04,2021-10-04 12:55:51 UTC
1157,Sint quis consectetur deleniti enim.,Marilee,Bogisich,marquerite_gerlach@mills.org,CH,Nigel Kiehn,Ut dolores ut aut ipsam sed.,2021-10-04,2021-10-04 12:55:51 UTC
1158,Voluptas soluta inventore.,Zackary,Turner,saul.beier@pfeffer.io,CH,Mrs. Johnathan Mayer,Totam doloribus sapiente asperiores et.,2021-10-04,2021-10-04 12:55:51 UTC
1159,Labore provident voluptates.,Virgilio,Lynch,julian@labadie.biz,CH,Barton Ortiz MD,Rem soluta veniam.,2021-10-04,2021-10-04 12:55:51 UTC
1163,Dolorem est omnis.,Sheldon,Luettgen,devora.huel@dare-gibson.com,CH,Dr. Giuseppe Heidenreich,Reprehenderit quia aut quis.,2021-10-04,2021-10-04 12:55:51 UTC
1160,Vel amet fugiat voluptatum quos doloremque.,Scottie,Romaguera,chi@skiles-cruickshank.io,CH,Rep. Syreeta Miller,Sint illo incidunt.,2021-10-04,2021-10-04 12:55:51 UTC
1164,Culpa autem nobis corporis.,Brande,Moore,mathilde@ledner-stiedemann.biz,CH,Ranae Osinski,Deleniti ducimus odio fugiat sunt quaerat.,2021-10-04,2021-10-04 12:55:51 UTC
